INSERT INTO BetaAgents values ('BQ1485956','Ronald Mccleery','Eric',136784,'Lori Rentfro','UPI1412535','Ingush',5,'dac3169ae19731ae1a26d9142496b25e0f98b01bb61a91cef59969566f44538a');
INSERT INTO SkillSet values ('SK1407157','Keen observation','Yes',573,'No');
INSERT INTO WeaponsData values ('WP1413597','smokeBomb','No','No','Yes');
INSERT INTO AlphaAgents values ('AE1433176','Theodore Estrella','Phillip',149284,'Jeffrey','NPI12316588','polish','179','Chechen','lips','USIS1475294','dac3169ae19731ae1a26d9142496b25e0f98b01bb61a91cef59969566f44538a','SK1407157','WP1413597');
INSERT INTO TechnicalSkills values ('TC1415595','Account Reconciliation',7,'Yes','medium','Singing','BQ1485956');
INSERT INTO TerroristsInformation values ('TR1477042','Leo Ruzich','Carl','177','brown','Asian','15.113472','Yes','CX1410110','BQ1485956','AE1433176');
INSERT INTO Budget values ('HighTowering','12-16-2022 12:05:33','968','AE1433176','CX1410110');
INSERT INTO Informers values ('IF1432394','Katie Hunnicutt','Adam','Forestranger','8','BQ1485956');
INSERT INTO ElectronicDevices values ('XYZ1431012','HackRF One','prtn2003','27256','Yes','No','BQ1485956');
INSERT INTO TerroristActivities values ('12-16-2022 12:05:33','10.1775604','75','notraces','AE1433176');
INSERT INTO Causalities values ('12-16-2022 12:05:33','10.1775604','Tracey Keister','Brovary','Kalmyk','53838');
INSERT INTO Patrolling values ('PTI1416839','12-16-2022 12:05:33','Kremenchug',' police interceptor','regular','Mary Anthony','AE1433176');
INSERT INTO BetaAgents values ('BQ1462966','James Russo','Dana',118324,'Dave White','UPI1490224','Buryat',10,'dac3169ae19731ae1a26d9142496b25e0f98b01bb61a91cef59969566f44538a');
INSERT INTO SkillSet values ('SK1418358','Keen observation','Yes',356,'Yes');
INSERT INTO WeaponsData values ('WP1498051','AZ400','No','Yes','No');
INSERT INTO AlphaAgents values ('AE1459319','Leonard Taylor','Timothy',106030,'Keven','NPI12708255','georgian','182','Ingush','l','USIS1453164','dac3169ae19731ae1a26d9142496b25e0f98b01bb61a91cef59969566f44538a','SK1418358','WP1498051');
INSERT INTO TechnicalSkills values ('TC1482339','Digital Imaging',3,'No','tooDifficult','Guardianship','BQ1462966');
INSERT INTO TerroristsInformation values ('TR1475912','Loni Reader','Marjorie','198','redWhite','polish','60.2025952','No','CX1410110','BQ1462966','AE1459319');
INSERT INTO Budget values ('peakCutting','12-06-2022 12:05:33','947','AE1459319','CX1410110');
INSERT INTO Informers values ('IF1400470','Robert Lavoie','Larry','Farmer','6','BQ1462966');
INSERT INTO ElectronicDevices values ('XYZ1411614','DSTIKE WIFI Duck','prtn1956','42087','Yes','Yes','BQ1462966');
INSERT INTO TerroristActivities values ('09-27-2022 12:05:33','13.2805504','74','severe','AE1459319');
INSERT INTO Causalities values ('09-27-2022 12:05:33','13.2805504','Elizabeth Hardaway','Bila Tserkva','Buryat','47778');
INSERT INTO Patrolling values ('PTI1421516','12-15-2022 12:05:33','Kiev Region Capital',' prowl car','SideLining','Charles Canup','AE1459319');
INSERT INTO BetaAgents values ('BQ1472442','Sandra Flesher','Barry',116827,'Percy Ryan','UPI1462225','Ingush',3,'dac3169ae19731ae1a26d9142496b25e0f98b01bb61a91cef59969566f44538a');
INSERT INTO SkillSet values ('SK1491604','Physical endurance ','Yes',619,'Yes');
INSERT INTO WeaponsData values ('WP1462662','frenchRiffle','No','Yes','No');
INSERT INTO AlphaAgents values ('AE1454842','Melvin Miller','Willie',107708,'Brian','NPI12451403','uzebican','198','Russian','l','USIS1404176','dac3169ae19731ae1a26d9142496b25e0f98b01bb61a91cef59969566f44538a','SK1491604','WP1462662');
INSERT INTO TechnicalSkills values ('TC1479052','Immunohistochemistry',10,'Yes','too Easy','Drama','BQ1472442');
INSERT INTO TerroristsInformation values ('TR1438591','Melissa Coleman','Charles','181','white','polish','0.881124','Yes','CX1410110','BQ1472442','AE1454842');
INSERT INTO Budget values ('MagnetPlating','11-26-2022 12:05:33','926','AE1454842','CX1410110');
INSERT INTO Informers values ('IF1400250','Edna Barajas','Laura','Footballer','4','BQ1472442');
INSERT INTO ElectronicDevices values ('XYZ1478780','Wi-Fi Pineapple','prtn2020','32039','No','No','BQ1472442');
INSERT INTO TerroristActivities values ('07-09-2022 12:05:33','38.624235','29','notraces','AE1454842');
INSERT INTO Causalities values ('07-09-2022 12:05:33','38.624235','Arthur Hooker','Bila Tserkva','Ukrainian','74746');
INSERT INTO Patrolling values ('PTI1412008','12-14-2022 12:05:33','Konstantinovka',' radio car','casual','Riva Michalak','AE1454842');
INSERT INTO BetaAgents values ('BQ1476533','Charles Gorman','Elaine',102259,'Olympia Taylor','UPI1488394','Ossetic',2,'dac3169ae19731ae1a26d9142496b25e0f98b01bb61a91cef59969566f44538a');
INSERT INTO SkillSet values ('SK1417557','running','Yes',910,'No');
INSERT INTO WeaponsData values ('WP1440940','Big Kill','Yes','Yes','No');
INSERT INTO AlphaAgents values ('AE1481961','Lula Wiederhold','Tammy',135758,'Harry','NPI11092406','Asian','176','Ingush','l','USIS1425623','dac3169ae19731ae1a26d9142496b25e0f98b01bb61a91cef59969566f44538a','SK1417557','WP1440940');
INSERT INTO TechnicalSkills values ('TC1431125','Bit.ly',6,'Yes','medium','HLA','BQ1476533');
INSERT INTO TerroristsInformation values ('TR1460590','James Baxter','Chadwick','213','voiletBrown','Ukranian','-12.23146','No','CX1410110','BQ1476533','AE1481961');
INSERT INTO Budget values ('Watershooting','11-16-2022 12:05:33','535','AE1481961','CX1410110');
INSERT INTO Informers values ('IF1442414','Robert Sonsino','Shannon','Foreman','3','BQ1476533');
INSERT INTO ElectronicDevices values ('XYZ1467945','Alfa AWUS036ACH USB Wi-Fi Adapter','prtn2014','32483','No','Yes','BQ1476533');
INSERT INTO TerroristActivities values ('04-20-2022 12:05:33','52.2513095','54','normal','AE1481961');
INSERT INTO Causalities values ('04-20-2022 12:05:33','52.2513095','Kristy Wright','Korosten','Chechen','25802');
INSERT INTO Patrolling values ('PTI1444440','12-13-2022 12:05:33','Konotop',' cop car','onComplaint','Paige Smith','AE1481961');
INSERT INTO BetaAgents values ('BQ1481319','Howard Mejia','Jennifer',113436,'Nicole Kennedy','UPI1416818','Ossetic',9,'dac3169ae19731ae1a26d9142496b25e0f98b01bb61a91cef59969566f44538a');
INSERT INTO SkillSet values ('SK1476312','Communication','No',202,'No');
INSERT INTO WeaponsData values ('WP1417060','AK47','No','Yes','Yes');
INSERT INTO AlphaAgents values ('AE1486603','Helen Quale','Kelly',112097,'Angel','NPI14678849','khazakhan','209','Ossetic','l','USIS1434476','dac3169ae19731ae1a26d9142496b25e0f98b01bb61a91cef59969566f44538a','SK1476312','WP1417060');
INSERT INTO TechnicalSkills values ('TC1422584','MV',1,'Yes','hard','Digital Imaging','BQ1481319');
INSERT INTO TerroristsInformation values ('TR1402926','Donald Dunmore','Arthur','204','voiletBrown','Ukranian','22.358169','Yes','CX1410110','BQ1481319','AE1486603');
INSERT INTO Budget values ('Watershooting','11-06-2022 12:05:33','839','AE1486603','CX1410110');
INSERT INTO Informers values ('IF1416913','Flora Levine','James','Footballer','4','BQ1481319');
INSERT INTO ElectronicDevices values ('XYZ1468210','DSTIKE WIFI Duck','prtn1982','49840','Yes','Yes','BQ1481319');
INSERT INTO TerroristActivities values ('01-30-2022 12:05:33','27.4456115','14','critical','AE1486603');
INSERT INTO Causalities values ('01-30-2022 12:05:33','27.4456115','Jimmy Popek','Bakhmut','Ukrainian','67882');
INSERT INTO Patrolling values ('PTI1469595','12-12-2022 12:05:33','Kherson Region Capital','police cruiser','casual','Melody Cabading','AE1486603');
INSERT INTO BetaAgents values ('BQ1484818','Irma Robinson','Douglas',147666,'Lori Rentfro','UPI1456491','Kalmyk',10,'dac3169ae19731ae1a26d9142496b25e0f98b01bb61a91cef59969566f44538a');
INSERT INTO SkillSet values ('SK1454943','Physical endurance ','Yes',826,'Yes');
INSERT INTO WeaponsData values ('WP1488138','AK47','Yes','Yes','Yes');
INSERT INTO AlphaAgents values ('AE1476210','Austin Ferris','Gladys',128993,'James','NPI11417626','russian','181','Ossetic','l','USIS1448719','dac3169ae19731ae1a26d9142496b25e0f98b01bb61a91cef59969566f44538a','SK1454943','WP1488138');
INSERT INTO TechnicalSkills values ('TC1496387','SEO',10,'No','easy','EBSCO','BQ1484818');
INSERT INTO TerroristsInformation values ('TR1410294','William Graney','Victor','171','redWhite','polish','32.790614','Yes','CX1410110','BQ1484818','AE1476210');
INSERT INTO Budget values ('ceaseFire','10-27-2022 12:05:33','750','AE1476210','CX1410110');
INSERT INTO Informers values ('IF1436642','Juliann Hardy','Sharon','Mechanic','3','BQ1484818');
INSERT INTO ElectronicDevices values ('XYZ1415046','Crazyradio PA 2.0','prtn1967','5465','No','Yes','BQ1484818');
INSERT INTO TerroristActivities values ('11-11-2021 12:05:33','49.854154','45','critical','AE1476210');
INSERT INTO Causalities values ('11-11-2021 12:05:33','49.854154','Denise Smith','Boryspil','Ossetic','53484');
INSERT INTO Patrolling values ('PTI1437287','12-11-2022 12:05:33','Konstantinovka',' squad car','casual','Jeffrey Myers','AE1476210');
INSERT INTO BetaAgents values ('BQ1425175','Michael Brown','Julius',126396,'Melvin Haynes','UPI1442759','Adyghe',4,'dac3169ae19731ae1a26d9142496b25e0f98b01bb61a91cef59969566f44538a');
INSERT INTO SkillSet values ('SK1467575','Research','No',852,'Yes');
INSERT INTO WeaponsData values ('WP1432732','drone','Yes','Yes','Yes');
INSERT INTO AlphaAgents values ('AE1465025','Joseph Altamirano','Archie',106971,'David','NPI12166004','polish','195','Russian','l','USIS1419029','dac3169ae19731ae1a26d9142496b25e0f98b01bb61a91cef59969566f44538a','SK1467575','WP1432732');
INSERT INTO TechnicalSkills values ('TC1438893','Running',5,'Yes','tooDifficult','Qooxdoo','BQ1425175');
INSERT INTO TerroristsInformation values ('TR1485209','Francesca Lyons','Kathryn','214','white','khazakhan','35.026516','No','CX1410110','BQ1425175','AE1465025');
INSERT INTO Budget values ('MagnetPlating','10-17-2022 12:05:33','292','AE1465025','CX1410110');
INSERT INTO Informers values ('IF1482911','Justin Truong','Lisa','Lifeguard','8','BQ1425175');
INSERT INTO ElectronicDevices values ('XYZ1495840','HackRF One','prtn2020','7694','Yes','No','BQ1425175');
INSERT INTO TerroristActivities values ('08-23-2021 12:05:33','38.058088','62','critical','AE1465025');
INSERT INTO Causalities values ('08-23-2021 12:05:33','38.058088','Glen Pickard','Kharkov Region Capital','Ossetic','46184');
INSERT INTO Patrolling values ('PTI1476756','12-10-2022 12:05:33','Korosten',' radio motor patrol','SideLining','Particia Williams','AE1465025');
INSERT INTO BetaAgents values ('BQ1404996','Daniel Kenneally','Robert',131559,'Jeff Esterly','UPI1468731','Abaza',3,'dac3169ae19731ae1a26d9142496b25e0f98b01bb61a91cef59969566f44538a');
INSERT INTO SkillSet values ('SK1480890','Physical endurance ','Yes',396,'Yes');
INSERT INTO WeaponsData values ('WP1400001','drone','Yes','Yes','No');
INSERT INTO AlphaAgents values ('AE1435221','Connie Pingrey','David',122109,'Jill','NPI10044543','uzebican','195','Russian','l','USIS1438412','dac3169ae19731ae1a26d9142496b25e0f98b01bb61a91cef59969566f44538a','SK1480890','WP1400001');
INSERT INTO TechnicalSkills values ('TC1455728','OEM contracts',1,'No','tooDifficult','HF','BQ1404996');
INSERT INTO TerroristsInformation values ('TR1431738','Tonya Worthen','Jonathan','214','whiteBrown','polish','49.854154','Yes','CX1410110','BQ1404996','AE1435221');
INSERT INTO Budget values ('MagnetPlating','10-07-2022 12:05:33','893','AE1435221','CX1410110');
INSERT INTO Informers values ('IF1487130','James Mills','Matthew','Foreman','6','BQ1404996');
INSERT INTO ElectronicDevices values ('XYZ1404173','Raspberry Pi','prtn1958','4251','Yes','Yes','BQ1404996');
INSERT INTO TerroristActivities values ('06-04-2021 12:05:33','-26.800415','79','critical','AE1435221');
INSERT INTO Causalities values ('06-04-2021 12:05:33','-26.800415','Mildred Whisby','Kherson Region Capital','Ukrainian','68533');
INSERT INTO Patrolling values ('PTI1470528','12-09-2022 12:05:34','Podolskiy',' radio motor patrol','emergency','James Lester','AE1435221');
INSERT INTO BetaAgents values ('BQ1443594','Wayne Daniels','Ervin',120009,'Chad Thomas','UPI1449195','Chechen',10,'dac3169ae19731ae1a26d9142496b25e0f98b01bb61a91cef59969566f44538a');
INSERT INTO SkillSet values ('SK1420253','shooting','Yes',861,'Yes');
INSERT INTO WeaponsData values ('WP1414244','AK47','Yes','No','No');
INSERT INTO AlphaAgents values ('AE1492016','Melinda Oconnell','Lee',130369,'Laura','NPI14146461','Asian','206','Ukrainian','l','USIS1474594','dac3169ae19731ae1a26d9142496b25e0f98b01bb61a91cef59969566f44538a','SK1420253','WP1414244');
INSERT INTO TechnicalSkills values ('TC1412439','IATA',5,'Yes','too Easy','JDF','BQ1443594');
INSERT INTO TerroristsInformation values ('TR1401999','Donna Young','Dawn','213','whiteBrown','polish','27.4456115','No','CX1410110','BQ1443594','AE1492016');
INSERT INTO Budget values ('peakCutting','09-27-2022 12:05:34','536','AE1492016','CX1410110');
INSERT INTO Informers values ('IF1494847','David Bachman','Dallas','Clown','9','BQ1443594');
INSERT INTO ElectronicDevices values ('XYZ1494622','Ubertooth One','prtn1993','34379','Yes','Yes','BQ1443594');
INSERT INTO TerroristActivities values ('03-16-2021 12:05:34','18.6967739','7','normal','AE1492016');
INSERT INTO Causalities values ('03-16-2021 12:05:34','18.6967739','Rhonda Rauth','Krasnodon','Kalmyk','56606');
INSERT INTO Patrolling values ('PTI1415416','12-08-2022 12:05:34','Korosten',' prowl car','protocal','Orlando Vargas','AE1492016');
INSERT INTO BetaAgents values ('BQ1481410','Dorothy Hunter','Jack',124724,'Melvin Haynes','UPI1420730','Chechen',6,'dac3169ae19731ae1a26d9142496b25e0f98b01bb61a91cef59969566f44538a');
INSERT INTO SkillSet values ('SK1481993','shooting','No',429,'Yes');
INSERT INTO WeaponsData values ('WP1405786','drone','Yes','Yes','Yes');
INSERT INTO AlphaAgents values ('AE1448540','Janie Knight','Lillie',108085,'Lou','NPI10867453','georgian','206','Kalmyk','l','USIS1424760','dac3169ae19731ae1a26d9142496b25e0f98b01bb61a91cef59969566f44538a','SK1481993','WP1405786');
INSERT INTO TechnicalSkills values ('TC1490049','Americans with Disabilities Act',2,'Yes','too Easy','Drama','BQ1481410');
INSERT INTO TerroristsInformation values ('TR1429763','William Cook','Craig','179','whiteBrown','dutch','35.84026','Yes','CX1410110','BQ1481410','AE1448540');
INSERT INTO Budget values ('feetMining','09-17-2022 12:05:34','302','AE1448540','CX1410110');
INSERT INTO Informers values ('IF1409486','Sheila Nichols','Samantha','Footballer','1','BQ1481410');
INSERT INTO ElectronicDevices values ('XYZ1411874','Comidox Zigbee CC2531 Sniffer','prtn1975','33257','Yes','No','BQ1481410');
INSERT INTO TerroristActivities values ('12-26-2020 12:05:34','-13.9535913','23','notraces','AE1448540');
INSERT INTO Causalities values ('12-26-2020 12:05:34','-13.9535913','Colleen Valdez','Kherson Region Capital','Buryat','61366');
INSERT INTO Patrolling values ('PTI1415535','12-07-2022 12:05:34','Kolomiya',' police interceptor','SideLining','Ted Milardo','AE1448540');
INSERT INTO BetaAgents values ('BQ1403281','Thomas Highshaw','Archie',106573,'Richard Rivera','UPI1423485','Adyghe',2,'dac3169ae19731ae1a26d9142496b25e0f98b01bb61a91cef59969566f44538a');
INSERT INTO SkillSet values ('SK1446385','Investigative','Yes',241,'Yes');
INSERT INTO WeaponsData values ('WP1415117','snipperGuns','No','No','No');
INSERT INTO AlphaAgents values ('AE1467117','Michael Caldwell','Vesta',100511,'Roy','NPI12752237','dutch','177','Ossetic','l','USIS1459846','dac3169ae19731ae1a26d9142496b25e0f98b01bb61a91cef59969566f44538a','SK1446385','WP1415117');
INSERT INTO TechnicalSkills values ('TC1485731','Yeast two-hybrid',2,'No','easy','Program Management','BQ1403281');
INSERT INTO TerroristsInformation values ('TR1436235','Robert Owens','Charles','172','whiteBrown','polish','48.9648921','No','CX1410110','BQ1403281','AE1467117');
INSERT INTO Budget values ('ceaseFire','09-07-2022 12:05:34','253','AE1467117','CX1410110');
INSERT INTO Informers values ('IF1425721','Jess Stevens','Darrell','Painter','5','BQ1403281');
INSERT INTO ElectronicDevices values ('XYZ1471903','DSTIKE WIFI Duck','prtn1987','45592','Yes','Yes','BQ1403281');
INSERT INTO TerroristActivities values ('10-07-2020 12:05:34','30.173912','37','normal','AE1467117');
INSERT INTO Causalities values ('10-07-2020 12:05:34','30.173912','Theresa Carpenter','Kiev Region Capital','Adyghe','36192');
INSERT INTO Patrolling values ('PTI1493134','12-06-2022 12:05:34','Korosten','police cruiser','casual','Nadine Rhodes','AE1467117');
INSERT INTO BetaAgents values ('BQ1411720','Clara Tirado','Carol',110464,'Lori Rentfro','UPI1441707','Chechen',6,'dac3169ae19731ae1a26d9142496b25e0f98b01bb61a91cef59969566f44538a');
INSERT INTO SkillSet values ('SK1462494','Physical endurance ','No',801,'No');
INSERT INTO WeaponsData values ('WP1471213','AmbassadorGun','Yes','No','No');
INSERT INTO AlphaAgents values ('AE1402783','Opal Toupin','Richard',126802,'Roxann','NPI11399828','Ukranian','181','Ossetic','l','USIS1495682','dac3169ae19731ae1a26d9142496b25e0f98b01bb61a91cef59969566f44538a','SK1462494','WP1471213');
INSERT INTO TechnicalSkills values ('TC1422517','Ocean Transportation',10,'No','too Easy','HPLC','BQ1411720');
INSERT INTO TerroristsInformation values ('TR1420183','Tracy Sharpless','Dustin','200','whiteBrown','georgian','13.2805504','No','CX1410110','BQ1411720','AE1402783');
INSERT INTO Budget values ('massShooting','08-28-2022 12:05:34','979','AE1402783','CX1410110');
INSERT INTO Informers values ('IF1497961','Michael Williams','William','Mechanic','10','BQ1411720');
INSERT INTO ElectronicDevices values ('XYZ1431252','Alfa AWUS036ACH USB Wi-Fi Adapter','prtn2003','36591','Yes','Yes','BQ1411720');
INSERT INTO TerroristActivities values ('07-19-2020 12:05:34','-26.800415','17','notraces','AE1402783');
INSERT INTO Causalities values ('07-19-2020 12:05:34','-26.800415','Louise Ybarra','Kamianske','Adyghe','40900');
INSERT INTO Patrolling values ('PTI1400622','12-05-2022 12:05:34','Konstantinovka',' radio motor patrol','protocal','Ana Trace','AE1402783');
INSERT INTO BetaAgents values ('BQ1469029','Sheila Kroes','Joyce',106871,'Ryan Hill','UPI1458680','Ingush',9,'dac3169ae19731ae1a26d9142496b25e0f98b01bb61a91cef59969566f44538a');
INSERT INTO SkillSet values ('SK1409727','jumping','No',304,'Yes');
INSERT INTO WeaponsData values ('WP1459733','AmbassadorGun','Yes','Yes','No');
INSERT INTO AlphaAgents values ('AE1410946','Ricardo Hall','Randall',132675,'Richard','NPI11734854','Asian','208','Ossetic','l','USIS1445894','dac3169ae19731ae1a26d9142496b25e0f98b01bb61a91cef59969566f44538a','SK1409727','WP1459733');
INSERT INTO TechnicalSkills values ('TC1430492','Oracle OLAP',7,'Yes','medium','VAS','BQ1469029');
INSERT INTO TerroristsInformation values ('TR1412786','Lula Thompson','Harold','198','redWhite','Ukranian','30.1755285','Yes','CX1410110','BQ1469029','AE1410946');
INSERT INTO Budget values ('crossTrekking','08-18-2022 12:05:34','856','AE1410946','CX1410110');
INSERT INTO Informers values ('IF1467824','Eugene Hicks','Anna','Lifeguard','1','BQ1469029');
INSERT INTO ElectronicDevices values ('XYZ1479707','Ubertooth One','prtn2015','26469','Yes','Yes','BQ1469029');
INSERT INTO TerroristActivities values ('04-30-2020 12:05:34','24.3520171','23','severe','AE1410946');
INSERT INTO Causalities values ('04-30-2020 12:05:34','24.3520171','James Marino','Khmelnitsky Region Capital','Buryat','29424');
INSERT INTO Patrolling values ('PTI1456730','12-04-2022 12:05:34','Bolhrad','police cruiser','casual','Chang Young','AE1410946');
INSERT INTO BetaAgents values ('BQ1445504','Lonnie Aceuedo','William',145053,'Nicole Kennedy','UPI1465600','Ossetic',4,'dac3169ae19731ae1a26d9142496b25e0f98b01bb61a91cef59969566f44538a');
INSERT INTO SkillSet values ('SK1428638','jumping','Yes',262,'Yes');
INSERT INTO WeaponsData values ('WP1467570','Big Kill','Yes','Yes','No');
INSERT INTO AlphaAgents values ('AE1479154','Gwen Travis','Dean',116921,'Elizabeth','NPI10731777','uzebican','202','Kalmyk','l','USIS1438401','dac3169ae19731ae1a26d9142496b25e0f98b01bb61a91cef59969566f44538a','SK1428638','WP1467570');
INSERT INTO TechnicalSkills values ('TC1437057','NCBI',9,'No','tooDifficult','Dtrace','BQ1445504');
INSERT INTO TerroristsInformation values ('TR1438758','Kevin Mcbath','Raymond','173','black','georgian','16.6969748','Yes','CX1410110','BQ1445504','AE1479154');
INSERT INTO Budget values ('massShooting','08-08-2022 12:05:34','631','AE1479154','CX1410110');
INSERT INTO Informers values ('IF1456167','David Vidal','Paul','Forestranger','6','BQ1445504');
INSERT INTO ElectronicDevices values ('XYZ1454043','Crazyradio PA 2.0','prtn1990','44264','Yes','Yes','BQ1445504');
INSERT INTO TerroristActivities values ('02-10-2020 12:05:34','41.3275459','12','normal','AE1479154');
INSERT INTO Causalities values ('02-10-2020 12:05:34','41.3275459','David Graham','Bila Tserkva','Buryat','78748');
INSERT INTO Patrolling values ('PTI1499667','12-03-2022 12:05:34','Krivoy Rog',' radio motor patrol','SideLining','Mark King','AE1479154');
INSERT INTO BetaAgents values ('BQ1422440','Rose Carbajal','Taren',130041,'Olympia Taylor','UPI1404088','Abaza',2,'dac3169ae19731ae1a26d9142496b25e0f98b01bb61a91cef59969566f44538a');
INSERT INTO SkillSet values ('SK1450079','Physical endurance ','No',570,'Yes');
INSERT INTO WeaponsData values ('WP1427375','Big Kill','No','No','No');
INSERT INTO AlphaAgents values ('AE1482630','Mary Lyles','Larry',144865,'Sarah','NPI11243186','polish','170','Abaza','l','USIS1499241','dac3169ae19731ae1a26d9142496b25e0f98b01bb61a91cef59969566f44538a','SK1450079','WP1427375');
INSERT INTO TechnicalSkills values ('TC1478181','Zenworks',10,'Yes','medium','Digital Electronics','BQ1422440');
INSERT INTO TerroristsInformation values ('TR1466089','Alice Peeples','James','209','whiteBrown','khazakhan','40.417358','Yes','CX1410110','BQ1422440','AE1482630');
INSERT INTO Budget values ('ceaseFire','07-29-2022 12:05:34','870','AE1482630','CX1410110');
INSERT INTO Informers values ('IF1400202','Martha Sawyers','Paulette','Housekeeper','1','BQ1422440');
INSERT INTO ElectronicDevices values ('XYZ1451364','Ubertooth One','prtn2005','5616','No','No','BQ1422440');
INSERT INTO TerroristActivities values ('11-22-2019 12:05:34','16.6969748','76','normal','AE1482630');
INSERT INTO Causalities values ('11-22-2019 12:05:34','16.6969748','Lorraine Anselmo','Khartsyzsk','Adyghe','65356');
INSERT INTO Patrolling values ('PTI1498201','12-02-2022 12:05:34','Krasnodon',' patrol car','protocal','Christopher Viera','AE1482630');
INSERT INTO BetaAgents values ('BQ1492450','Gina Fuentes','Kelly',149729,'Dave White','UPI1429339','Adyghe',1,'dac3169ae19731ae1a26d9142496b25e0f98b01bb61a91cef59969566f44538a');
INSERT INTO SkillSet values ('SK1404992','running','Yes',317,'Yes');
INSERT INTO WeaponsData values ('WP1447873','AmbassadorGun','No','Yes','Yes');
INSERT INTO AlphaAgents values ('AE1469552','Albert Bowling','James',115703,'Anne','NPI12080698','uzebican','182','Kalmyk','l','USIS1431518','dac3169ae19731ae1a26d9142496b25e0f98b01bb61a91cef59969566f44538a','SK1404992','WP1447873');
INSERT INTO TechnicalSkills values ('TC1443436','Equity Derivatives',9,'No','easy','Sales Presentations','BQ1492450');
INSERT INTO TerroristsInformation values ('TR1485962','Sarah Babcock','Marcia','188','brown','uzebican','11.4702151','Yes','CX1410110','BQ1492450','AE1469552');
INSERT INTO Budget values ('HighTowering','07-19-2022 12:05:34','660','AE1469552','CX1410110');
INSERT INTO Informers values ('IF1466699','Brett Gomez','Jean','Builder','1','BQ1492450');
INSERT INTO ElectronicDevices values ('XYZ1434235','HackRF One','prtn1991','10042','No','No','BQ1492450');
INSERT INTO TerroristActivities values ('09-03-2019 12:05:34','-12.23146','26','normal','AE1469552');
INSERT INTO Causalities values ('09-03-2019 12:05:34','-12.23146','Allison Brown','Bila Tserkva','Ossetic','61284');
INSERT INTO Patrolling values ('PTI1493418','12-01-2022 12:05:34','Kremenchug',' police interceptor','SideLining','Tonia Morin','AE1469552');
INSERT INTO BetaAgents values ('BQ1452431','Megan Clark','Lawrence',127971,'Nicole Kennedy','UPI1431845','Adyghe',2,'dac3169ae19731ae1a26d9142496b25e0f98b01bb61a91cef59969566f44538a');
INSERT INTO SkillSet values ('SK1442521','swimming','No',475,'Yes');
INSERT INTO WeaponsData values ('WP1421341','snipperGuns','No','No','Yes');
INSERT INTO AlphaAgents values ('AE1460268','Roy Allison','Joseph',110500,'Amanda','NPI12275725','khazakhan','177','Ukrainian','l','USIS1494075','dac3169ae19731ae1a26d9142496b25e0f98b01bb61a91cef59969566f44538a','SK1442521','WP1421341');
INSERT INTO TechnicalSkills values ('TC1474521','MMIS',4,'Yes','too Easy','xSeries','BQ1452431');
INSERT INTO TerroristsInformation values ('TR1429247','Hortense Olesen','Darrell','191','brown','Asian','24.3520171','Yes','CX1410110','BQ1452431','AE1460268');
INSERT INTO Budget values ('massShooting','07-09-2022 12:05:34','896','AE1460268','CX1410110');
INSERT INTO Informers values ('IF1474864','Rashida Miller','Henrietta','Fireman','9','BQ1452431');
INSERT INTO ElectronicDevices values ('XYZ1416441','Raspberry Pi','prtn1967','45503','Yes','No','BQ1452431');
INSERT INTO TerroristActivities values ('06-15-2019 12:05:34','41.3275459','24','critical','AE1460268');
INSERT INTO Causalities values ('06-15-2019 12:05:34','41.3275459','Eugene Fernandez','Kherson Region Capital','Ingush','69587');
INSERT INTO Patrolling values ('PTI1432542','11-30-2022 12:05:34','Kropyvnytskyi Region Capital',' area car','protocal','Frederick Powell','AE1460268');
INSERT INTO BetaAgents values ('BQ1410604','Michelle Kennedy','Oscar',147775,'Nicole Kennedy','UPI1486041','Buryat',5,'dac3169ae19731ae1a26d9142496b25e0f98b01bb61a91cef59969566f44538a');
INSERT INTO SkillSet values ('SK1497554','Keen observation','Yes',441,'No');
INSERT INTO WeaponsData values ('WP1419086','Big Kill','No','Yes','Yes');
INSERT INTO AlphaAgents values ('AE1448747','Rosa Lawrence','Derek',128782,'Jeffrey','NPI10841881','dutch','210','Kalmyk','l','USIS1443178','dac3169ae19731ae1a26d9142496b25e0f98b01bb61a91cef59969566f44538a','SK1497554','WP1419086');
INSERT INTO TechnicalSkills values ('TC1430476','Americans with Disabilities Act',4,'Yes','tooDifficult','Operating Room','BQ1410604');
INSERT INTO TerroristsInformation values ('TR1480956','Lynn Hamilton','Luciano','184','redWhite','Asian','46.8117208','No','CX1410110','BQ1410604','AE1448747');
INSERT INTO Budget values ('ceaseFire','06-29-2022 12:05:34','295','AE1448747','CX1410110');
INSERT INTO Informers values ('IF1446766','Michelle Mchugh','Jarvis','Builder','4','BQ1410604');
INSERT INTO ElectronicDevices values ('XYZ1448895','Wi-Fi Deauther','prtn1968','36038','Yes','No','BQ1410604');
INSERT INTO TerroristActivities values ('03-27-2019 12:05:34','-12.23146','36','notraces','AE1448747');
INSERT INTO Causalities values ('03-27-2019 12:05:34','-12.23146','Brian Clements','Korosten','Russian','70257');
INSERT INTO Patrolling values ('PTI1419407','11-29-2022 12:05:34','Bryanka',' radio motor patrol','onComplaint','Jose Linton','AE1448747');
INSERT INTO BetaAgents values ('BQ1441380','Ruben Mandujano','Jerry',136459,'Jeff Esterly','UPI1426933','Kalmyk',5,'dac3169ae19731ae1a26d9142496b25e0f98b01bb61a91cef59969566f44538a');
INSERT INTO SkillSet values ('SK1404238','swimming','No',821,'No');
INSERT INTO WeaponsData values ('WP1484421','AmbassadorGun','No','Yes','No');
INSERT INTO AlphaAgents values ('AE1425560','Frederick Zamora','Justin',148846,'Jose','NPI14610516','khazakhan','200','Chechen','l','USIS1470192','dac3169ae19731ae1a26d9142496b25e0f98b01bb61a91cef59969566f44538a','SK1404238','WP1484421');
INSERT INTO TechnicalSkills values ('TC1451329','NCBI',9,'Yes','medium','VSEO','BQ1441380');
INSERT INTO TerroristsInformation values ('TR1439548','Harry Brady','Betsy','211','brown','Ukranian','11.4702151','Yes','CX1410110','BQ1441380','AE1425560');
INSERT INTO Budget values ('crossTrekking','06-19-2022 12:05:34','913','AE1425560','CX1410110');
INSERT INTO Informers values ('IF1457749','Brent Ott','Gordon','Housekeeper','2','BQ1441380');
INSERT INTO ElectronicDevices values ('XYZ1450839','Wi-Fi Pineapple','prtn2022','4069','No','No','BQ1441380');
INSERT INTO TerroristActivities values ('01-06-2019 12:05:34','52.0872281','67','critical','AE1425560');
INSERT INTO Causalities values ('01-06-2019 12:05:34','52.0872281','Mandy Smith','Kropyvnytskyi Region Capital','Russian','53494');
INSERT INTO Patrolling values ('PTI1407325','11-28-2022 12:05:34','Bila Tserkva',' radio motor patrol','regular','Helen Dagostino','AE1425560');
INSERT INTO BetaAgents values ('BQ1453511','Leo Pinkerton','Nora',146375,'Olympia Taylor','UPI1442109','Abaza',9,'dac3169ae19731ae1a26d9142496b25e0f98b01bb61a91cef59969566f44538a');
INSERT INTO SkillSet values ('SK1456034','Keen observation','Yes',112,'Yes');
INSERT INTO WeaponsData values ('WP1490577','frenchRiffle','Yes','Yes','Yes');
INSERT INTO AlphaAgents values ('AE1493249','James Gordon','Jamie',147698,'Walter','NPI14939559','georgian','201','Abaza','l','USIS1474564','dac3169ae19731ae1a26d9142496b25e0f98b01bb61a91cef59969566f44538a','SK1456034','WP1490577');
INSERT INTO TechnicalSkills values ('TC1485664','Peer Tutoring',4,'Yes','hard','WFC','BQ1453511');
INSERT INTO TerroristsInformation values ('TR1401795','Harvey Rohe','Josephine','200','black','Asian','42.7003378','Yes','CX1410110','BQ1453511','AE1493249');
INSERT INTO Budget values ('HighTowering','06-09-2022 12:05:34','392','AE1493249','CX1410110');
INSERT INTO Informers values ('IF1480154','Brenda Dretzka','Ashleigh','Geisha','9','BQ1453511');
INSERT INTO ElectronicDevices values ('XYZ1420807','HackRF One','prtn1997','42611','Yes','No','BQ1453511');
INSERT INTO TerroristActivities values ('10-18-2018 12:05:34','49.0996492','48','critical','AE1493249');
INSERT INTO Causalities values ('10-18-2018 12:05:34','49.0996492','Earl Corona','Boryspil','Kalmyk','22943');
INSERT INTO Patrolling values ('PTI1416642','11-27-2022 12:05:34','Boryspil',' police interceptor','emergency','Margaret Reed','AE1493249');
INSERT INTO BetaAgents values ('BQ1445451','Joseph Keefe','Allen',101331,'Richard Rivera','UPI1495356','Abaza',5,'dac3169ae19731ae1a26d9142496b25e0f98b01bb61a91cef59969566f44538a');
INSERT INTO SkillSet values ('SK1426075','shooting','Yes',297,'No');
INSERT INTO WeaponsData values ('WP1469282','drone','Yes','Yes','Yes');
INSERT INTO AlphaAgents values ('AE1458592','Jane Murphy','Rosemarie',118358,'William','NPI10099601','Ukranian','174','Ingush','l','USIS1459442','dac3169ae19731ae1a26d9142496b25e0f98b01bb61a91cef59969566f44538a','SK1426075','WP1469282');
INSERT INTO TechnicalSkills values ('TC1438171','Proposal Writing',6,'Yes','hard','Microsoft Project','BQ1445451');
INSERT INTO TerroristsInformation values ('TR1421544','Richard Mcevoy','William','189','black','khazakhan','28.524376','Yes','CX1410110','BQ1445451','AE1458592');
INSERT INTO Budget values ('Watershooting','05-30-2022 12:05:34','611','AE1458592','CX1410110');
INSERT INTO Informers values ('IF1455113','Blanche Ross','John','Lifeguard','7','BQ1445451');
INSERT INTO ElectronicDevices values ('XYZ1444807','Wi-Fi Pineapple','prtn1990','4089','No','No','BQ1445451');
INSERT INTO TerroristActivities values ('07-30-2018 12:05:34','40.417358','54','severe','AE1458592');
INSERT INTO Causalities values ('07-30-2018 12:05:34','40.417358','Mona Kalman','Bilhorod-Dnistrovskyi','Ossetic','57718');
INSERT INTO Patrolling values ('PTI1460181','11-26-2022 12:05:34','Bolhrad',' radio car','regular','Shon Salsbury','AE1458592');
INSERT INTO BetaAgents values ('BQ1447533','Grace Hall','Burt',144533,'Richard Rivera','UPI1499249','Abaza',1,'dac3169ae19731ae1a26d9142496b25e0f98b01bb61a91cef59969566f44538a');
INSERT INTO SkillSet values ('SK1490458','Investigative','Yes',631,'No');
INSERT INTO WeaponsData values ('WP1434688','Big Kill','Yes','Yes','Yes');
INSERT INTO AlphaAgents values ('AE1413630','Eddie Adams','Karen',127918,'Daniel','NPI10153708','russian','204','Kalmyk','l','USIS1494627','dac3169ae19731ae1a26d9142496b25e0f98b01bb61a91cef59969566f44538a','SK1490458','WP1434688');
INSERT INTO TechnicalSkills values ('TC1498582','Kinect',2,'No','hard','Btrieve','BQ1447533');
INSERT INTO TerroristsInformation values ('TR1461736','Geraldine Rowland','Peter','220','redWhite','Asian','5.4328871','No','CX1410110','BQ1447533','AE1413630');
INSERT INTO Budget values ('HighTowering','05-20-2022 12:05:34','269','AE1413630','CX1410110');
INSERT INTO Informers values ('IF1458972','Tina Stjean','Spencer','Mechanic','2','BQ1447533');
INSERT INTO ElectronicDevices values ('XYZ1451382','Ubertooth One','prtn1969','44983','Yes','No','BQ1447533');
INSERT INTO TerroristActivities values ('05-11-2018 12:05:34','41.3275459','13','normal','AE1413630');
INSERT INTO Causalities values ('05-11-2018 12:05:34','41.3275459','Brooke Whitrock','Kremenets','Chechen','43386');
INSERT INTO Patrolling values ('PTI1456050','11-25-2022 12:05:34','Bryanka',' squad car','SideLining','Gary Sutton','AE1413630');
INSERT INTO BetaAgents values ('BQ1476597','Steven Nestor','Martha',134327,'James Fitzgerald','UPI1415796','Buryat',7,'dac3169ae19731ae1a26d9142496b25e0f98b01bb61a91cef59969566f44538a');
INSERT INTO SkillSet values ('SK1437168','running','No',972,'Yes');
INSERT INTO WeaponsData values ('WP1464911','wirlessShort','No','Yes','Yes');
INSERT INTO AlphaAgents values ('AE1410725','Donald Schrader','Kenneth',114656,'Lynnette','NPI13423022','Asian','187','Ukrainian','l','USIS1484743','dac3169ae19731ae1a26d9142496b25e0f98b01bb61a91cef59969566f44538a','SK1437168','WP1464911');
INSERT INTO TechnicalSkills values ('TC1458541','NCBI',9,'Yes','too Easy','IFR','BQ1476597');
INSERT INTO TerroristsInformation values ('TR1489611','John Cha','Millie','203','white','polish','30.1755285','No','CX1410110','BQ1476597','AE1410725');
INSERT INTO Budget values ('HighTowering','05-10-2022 12:05:34','375','AE1410725','CX1410110');
INSERT INTO Informers values ('IF1443992','Ruth Sylvester','Leslie','Mechanic','9','BQ1476597');
INSERT INTO ElectronicDevices values ('XYZ1407381','Proxmark3 Kit','prtn2007','6683','Yes','No','BQ1476597');
INSERT INTO TerroristActivities values ('02-20-2018 12:05:34','54.2569032','30','severe','AE1410725');
INSERT INTO Causalities values ('02-20-2018 12:05:34','54.2569032','Jeanne Ford','Khmelnitsky Region Capital','Russian','52246');
INSERT INTO Patrolling values ('PTI1455610','11-24-2022 12:05:34','Podolskiy',' radio motor patrol','casual','Marjorie Myers','AE1410725');
INSERT INTO BetaAgents values ('BQ1476831','Jennifer Martin','Mike',141316,'Tanya Suddoth','UPI1464837','Adyghe',8,'dac3169ae19731ae1a26d9142496b25e0f98b01bb61a91cef59969566f44538a');
INSERT INTO SkillSet values ('SK1413083','jumping','No',533,'Yes');
INSERT INTO WeaponsData values ('WP1465471','shortGun','Yes','Yes','Yes');
INSERT INTO AlphaAgents values ('AE1491580','Samuel Baker','James',139961,'Sally','NPI11696554','Asian','196','Chechen','l','USIS1459317','dac3169ae19731ae1a26d9142496b25e0f98b01bb61a91cef59969566f44538a','SK1413083','WP1465471');
INSERT INTO TechnicalSkills values ('TC1427994','Public Policy',8,'No','hard','Qooxdoo','BQ1476831');
INSERT INTO TerroristsInformation values ('TR1468553','Patty Mcneil','Timothy','220','redWhite','Asian','20.044412','Yes','CX1410110','BQ1476831','AE1491580');
INSERT INTO Budget values ('MagnetPlating','04-30-2022 12:05:34','944','AE1491580','CX1410110');
INSERT INTO Informers values ('IF1461360','Sandy Mccurry','Jennifer','Footballer','9','BQ1476831');
INSERT INTO ElectronicDevices values ('XYZ1491601','Wi-Fi Pineapple','prtn1949','28786','No','Yes','BQ1476831');
INSERT INTO TerroristActivities values ('12-02-2017 12:05:34','17.39713','62','critical','AE1491580');
INSERT INTO Causalities values ('12-02-2017 12:05:34','17.39713','Mary Francis','Bilhorod-Dnistrovskyi','Abaza','34562');
INSERT INTO Patrolling values ('PTI1460941','11-23-2022 12:05:34','Konotop',' police interceptor','SideLining','Rocky Lockwood','AE1491580');
INSERT INTO BetaAgents values ('BQ1430020','Heather Dishon','Timothy',148553,'Dave White','UPI1451602','Abaza',4,'dac3169ae19731ae1a26d9142496b25e0f98b01bb61a91cef59969566f44538a');
INSERT INTO SkillSet values ('SK1427501','running','No',519,'No');
INSERT INTO WeaponsData values ('WP1489906','drone','Yes','Yes','No');
INSERT INTO AlphaAgents values ('AE1433970','Fritz Ramm','Florence',140912,'Matthew','NPI12119810','russian','189','Abaza','l','USIS1450571','dac3169ae19731ae1a26d9142496b25e0f98b01bb61a91cef59969566f44538a','SK1427501','WP1489906');
INSERT INTO TechnicalSkills values ('TC1400895','Glass',9,'No','medium','UK Law','BQ1430020');
INSERT INTO TerroristsInformation values ('TR1498357','Bryan Mullins','Anastasia','217','white','russian','49.854154','No','CX1410110','BQ1430020','AE1433970');
INSERT INTO Budget values ('shelling','04-20-2022 12:05:34','527','AE1433970','CX1410110');
INSERT INTO Informers values ('IF1458576','Donna Herman','Charlotte','Fireman','7','BQ1430020');
INSERT INTO ElectronicDevices values ('XYZ1417557','HackRF One','prtn2014','20457','No','No','BQ1430020');
INSERT INTO TerroristActivities values ('09-13-2017 12:05:34','0.881124','54','notraces','AE1433970');
INSERT INTO Causalities values ('09-13-2017 12:05:34','0.881124','Yolanda Anderson','Kerch','Chechen','64713');
INSERT INTO Patrolling values ('PTI1457528','11-22-2022 12:05:34','Kherson Region Capital',' radio motor patrol','casual','Aubrey Hebrank','AE1433970');
INSERT INTO BetaAgents values ('BQ1496962','Mark Chernoff','Delphine',127778,'Dave White','UPI1487745','Chechen',10,'dac3169ae19731ae1a26d9142496b25e0f98b01bb61a91cef59969566f44538a');
INSERT INTO SkillSet values ('SK1492422','shooting','Yes',638,'No');
INSERT INTO WeaponsData values ('WP1433018','drone','No','Yes','Yes');
INSERT INTO AlphaAgents values ('AE1469810','Christina Fitzpatrick','Todd',110457,'Julie','NPI11845821','Ukranian','174','Chechen','l','USIS1477340','dac3169ae19731ae1a26d9142496b25e0f98b01bb61a91cef59969566f44538a','SK1492422','WP1433018');
INSERT INTO TechnicalSkills values ('TC1456622','Omega',10,'No','hard','MTT','BQ1496962');
INSERT INTO TerroristsInformation values ('TR1406936','Gene Gutierrez','Edward','188','whiteBrown','uzebican','30.173912','Yes','CX1410110','BQ1496962','AE1469810');
INSERT INTO Budget values ('HighTowering','04-10-2022 12:05:34','799','AE1469810','CX1410110');
INSERT INTO Informers values ('IF1410098','Bobby Lathrop','Mary','Forestranger','5','BQ1496962');
INSERT INTO ElectronicDevices values ('XYZ1444304','Comidox Zigbee CC2531 Sniffer','prtn2020','11682','No','Yes','BQ1496962');
INSERT INTO TerroristActivities values ('06-25-2017 12:05:34','30.173912','19','notraces','AE1469810');
INSERT INTO Causalities values ('06-25-2017 12:05:34','30.173912','Barbara Brinson','Bryanka','Ukrainian','44370');
INSERT INTO Patrolling values ('PTI1464743','11-21-2022 12:05:34','Konstantinovka',' patrol car','regular','Marvin Smetana','AE1469810');
INSERT INTO BetaAgents values ('BQ1432363','Dennis Kauble','Beatrice',136004,'Jeff Esterly','UPI1430744','Ingush',3,'dac3169ae19731ae1a26d9142496b25e0f98b01bb61a91cef59969566f44538a');
INSERT INTO SkillSet values ('SK1422406','acting','Yes',458,'Yes');
INSERT INTO WeaponsData values ('WP1472614','AK47','Yes','Yes','No');
INSERT INTO AlphaAgents values ('AE1481787','Jenny Meldahl','Gloria',133156,'Thomas','NPI10079360','dutch','176','Buryat','l','USIS1458638','dac3169ae19731ae1a26d9142496b25e0f98b01bb61a91cef59969566f44538a','SK1422406','WP1472614');
INSERT INTO TechnicalSkills values ('TC1479057','Bit.ly',9,'No','easy','Zenworks','BQ1432363');
INSERT INTO TerroristsInformation values ('TR1406115','Michael Reed','Marvin','206','redWhite','russian','32.7104016','No','CX1410110','BQ1432363','AE1481787');
INSERT INTO Budget values ('ceaseFire','03-31-2022 12:05:34','594','AE1481787','CX1410110');
INSERT INTO Informers values ('IF1408906','Samantha Johnson','George','Fireman','7','BQ1432363');
INSERT INTO ElectronicDevices values ('XYZ1405064','Crazyradio PA 2.0','prtn1996','34558','Yes','No','BQ1432363');
INSERT INTO TerroristActivities values ('04-06-2017 12:05:34','40.417358','46','notraces','AE1481787');
INSERT INTO Causalities values ('04-06-2017 12:05:34','40.417358','Kelly Martinez','Brovary','Chechen','43482');
INSERT INTO Patrolling values ('PTI1484712','11-20-2022 12:05:34','Boryspil',' prowl car','protocal','Estella Prather','AE1481787');
INSERT INTO BetaAgents values ('BQ1496095','Kathleen Villeneuve','Thomas',139211,'Malcolm Reels','UPI1418936','Adyghe',2,'dac3169ae19731ae1a26d9142496b25e0f98b01bb61a91cef59969566f44538a');
INSERT INTO SkillSet values ('SK1483934','jumping','No',222,'No');
INSERT INTO WeaponsData values ('WP1403114','AZ400','Yes','Yes','No');
INSERT INTO AlphaAgents values ('AE1497422','Sydney Hyldahl','Harriet',138704,'Viola','NPI11105553','Asian','199','Chechen','l','USIS1472122','dac3169ae19731ae1a26d9142496b25e0f98b01bb61a91cef59969566f44538a','SK1483934','WP1403114');
INSERT INTO TechnicalSkills values ('TC1403690','Btrieve',9,'Yes','tooDifficult','Social Media Blogging','BQ1496095');
INSERT INTO TerroristsInformation values ('TR1471260','Chad Hawkinson','Gladys','204','black','Ukranian','17.39713','No','CX1410110','BQ1496095','AE1497422');
INSERT INTO Budget values ('MagnetPlating','03-21-2022 12:05:34','516','AE1497422','CX1410110');
INSERT INTO Informers values ('IF1446440','Carlton Patterson','Errol','Magician','7','BQ1496095');
INSERT INTO ElectronicDevices values ('XYZ1402172','Crazyradio PA 2.0','prtn1994','26701','No','No','BQ1496095');
INSERT INTO TerroristActivities values ('01-16-2017 12:05:34','42.7003378','32','severe','AE1497422');
INSERT INTO Causalities values ('01-16-2017 12:05:34','42.7003378','Lisa Iturbe','Kerch','Ingush','60055');
INSERT INTO Patrolling values ('PTI1458834','11-19-2022 12:05:34','Podolskiy',' squad car','regular','John Petty','AE1497422');
INSERT INTO BetaAgents values ('BQ1406389','Hector Blount','Shannon',118740,'Dave White','UPI1446082','Kalmyk',1,'dac3169ae19731ae1a26d9142496b25e0f98b01bb61a91cef59969566f44538a');
INSERT INTO SkillSet values ('SK1425556','running','No',526,'No');
INSERT INTO WeaponsData values ('WP1455774','smokeBomb','No','Yes','No');
INSERT INTO AlphaAgents values ('AE1468277','John Sharp','Haywood',139776,'Brian','NPI14260309','russian','183','Ossetic','l','USIS1473828','dac3169ae19731ae1a26d9142496b25e0f98b01bb61a91cef59969566f44538a','SK1425556','WP1455774');
INSERT INTO TechnicalSkills values ('TC1437958','AOI',7,'Yes','hard','ERDAS Imagine','BQ1406389');
INSERT INTO TerroristsInformation values ('TR1432742','Anthony Villareal','Janet','184','brown','polish','27.4456115','Yes','CX1410110','BQ1406389','AE1468277');
INSERT INTO Budget values ('peakCutting','03-11-2022 12:05:34','575','AE1468277','CX1410110');
INSERT INTO Informers values ('IF1494480','Miguel Elmquist','Virginia','Builder','9','BQ1406389');
INSERT INTO ElectronicDevices values ('XYZ1453928','HackRF One','prtn1971','14511','Yes','No','BQ1406389');
INSERT INTO TerroristActivities values ('10-28-2016 12:05:34','-8.9445','6','notraces','AE1468277');
INSERT INTO Causalities values ('10-28-2016 12:05:34','-8.9445','Helen Bergeron','Bilhorod-Dnistrovskyi','Buryat','75608');
INSERT INTO Patrolling values ('PTI1400042','11-18-2022 12:05:34','Bolhrad',' prowl car','emergency','Gilberto Payne','AE1468277');
INSERT INTO BetaAgents values ('BQ1493078','Rachel Holmes','Tracy',121301,'Dave White','UPI1462457','Ingush',1,'dac3169ae19731ae1a26d9142496b25e0f98b01bb61a91cef59969566f44538a');
INSERT INTO SkillSet values ('SK1424086','swimming','Yes',692,'Yes');
INSERT INTO WeaponsData values ('WP1468764','handmissiles','Yes','Yes','Yes');
INSERT INTO AlphaAgents values ('AE1463545','Ricardo Mclaughlin','Thomas',125345,'Vickie','NPI13180266','dutch','175','Kalmyk','l','USIS1480435','dac3169ae19731ae1a26d9142496b25e0f98b01bb61a91cef59969566f44538a','SK1424086','WP1468764');
INSERT INTO TechnicalSkills values ('TC1487103','Omega',4,'Yes','hard','Win CVS','BQ1493078');
INSERT INTO TerroristsInformation values ('TR1476508','Donald Reinhardt','Kevin','178','whiteBrown','dutch','0.881124','No','CX1410110','BQ1493078','AE1463545');
INSERT INTO Budget values ('peakCutting','03-01-2022 12:05:34','738','AE1463545','CX1410110');
INSERT INTO Informers values ('IF1413335','Clarence Elias','Jesse','Mechanic','5','BQ1493078');
INSERT INTO ElectronicDevices values ('XYZ1463750','DSTIKE WIFI Duck','prtn1948','7851','Yes','Yes','BQ1493078');
INSERT INTO TerroristActivities values ('08-09-2016 12:05:34','49.854154','7','critical','AE1463545');
INSERT INTO Causalities values ('08-09-2016 12:05:34','49.854154','Dora Siders','Bakhmut','Abaza','57764');
INSERT INTO Patrolling values ('PTI1481877','11-17-2022 12:05:34','Konstantinovka',' cop car','casual','Jose Dolfi','AE1463545');
INSERT INTO BetaAgents values ('BQ1466838','Tyler Schwarz','Wanda',114988,'Lori Rentfro','UPI1488901','Russian',2,'dac3169ae19731ae1a26d9142496b25e0f98b01bb61a91cef59969566f44538a');
INSERT INTO SkillSet values ('SK1480100','Investigative','Yes',461,'No');
INSERT INTO WeaponsData values ('WP1482227','handmissiles','Yes','No','No');
INSERT INTO AlphaAgents values ('AE1435853','Gary Flowers','Milton',120230,'Lino','NPI12095268','khazakhan','203','Kalmyk','l','USIS1453437','dac3169ae19731ae1a26d9142496b25e0f98b01bb61a91cef59969566f44538a','SK1480100','WP1482227');
INSERT INTO TechnicalSkills values ('TC1483804','Americans with Disabilities Act',5,'Yes','hard','Web TV','BQ1466838');
INSERT INTO TerroristsInformation values ('TR1484584','Melvin Farmer','Joseph','212','white','Asian','55.5747494','Yes','CX1410110','BQ1466838','AE1435853');
INSERT INTO Budget values ('HighTowering','02-19-2022 12:05:34','753','AE1435853','CX1410110');
INSERT INTO Informers values ('IF1461795','Carla Beliles','Melissa','Mechanic','2','BQ1466838');
INSERT INTO ElectronicDevices values ('XYZ1473559','Alfa AWUS036ACH USB Wi-Fi Adapter','prtn1966','17076','No','Yes','BQ1466838');
INSERT INTO TerroristActivities values ('05-21-2016 12:05:34','41.3275459','8','normal','AE1435853');
INSERT INTO Causalities values ('05-21-2016 12:05:34','41.3275459','Herman Bailey','Boryspil','Ossetic','71401');
INSERT INTO Patrolling values ('PTI1447466','11-16-2022 12:05:34','Kamianske',' cop car','onComplaint','Michael Kwiecien','AE1435853');
INSERT INTO BetaAgents values ('BQ1442773','Karen Buck','Adena',101279,'Melvin Haynes','UPI1449059','Adyghe',9,'dac3169ae19731ae1a26d9142496b25e0f98b01bb61a91cef59969566f44538a');
INSERT INTO SkillSet values ('SK1451544','swimming','Yes',592,'No');
INSERT INTO WeaponsData values ('WP1468683','smokeBomb','No','No','Yes');
INSERT INTO AlphaAgents values ('AE1429715','Donna Reier','Gloria',129704,'Rebekah','NPI10510056','khazakhan','189','Buryat','l','USIS1467210','dac3169ae19731ae1a26d9142496b25e0f98b01bb61a91cef59969566f44538a','SK1451544','WP1468683');
INSERT INTO TechnicalSkills values ('TC1432743','xSeries',8,'No','hard','Program Management','BQ1442773');
INSERT INTO TerroristsInformation values ('TR1499950','Thomas Tracy','Angela','182','white','polish','49.0996492','No','CX1410110','BQ1442773','AE1429715');
INSERT INTO Budget values ('MagnetPlating','02-09-2022 12:05:34','707','AE1429715','CX1410110');
INSERT INTO Informers values ('IF1412458','Gloria Rappold','Chanel','Footballer','2','BQ1442773');
INSERT INTO ElectronicDevices values ('XYZ1476116','Ubertooth One','prtn1940','37646','Yes','Yes','BQ1442773');
INSERT INTO TerroristActivities values ('03-02-2016 12:05:34','34.8838824','42','notraces','AE1429715');
INSERT INTO Causalities values ('03-02-2016 12:05:34','34.8838824','Stephanie Myers','Konotop','Adyghe','42396');
INSERT INTO Patrolling values ('PTI1407341','11-15-2022 12:05:34','Kramatorsk',' patrol car','emergency','Gary Ardito','AE1429715');
INSERT INTO BetaAgents values ('BQ1498145','Mark Tony','John',127616,'Tanya Suddoth','UPI1433076','Kalmyk',3,'dac3169ae19731ae1a26d9142496b25e0f98b01bb61a91cef59969566f44538a');
INSERT INTO SkillSet values ('SK1454951','hill climbing','Yes',888,'Yes');
INSERT INTO WeaponsData values ('WP1496691','drone','Yes','No','No');
INSERT INTO AlphaAgents values ('AE1466277','Reynaldo Newman','Karen',142644,'Geraldine','NPI12848567','polish','181','Russian','l','USIS1438090','dac3169ae19731ae1a26d9142496b25e0f98b01bb61a91cef59969566f44538a','SK1454951','WP1496691');
INSERT INTO TechnicalSkills values ('TC1499250','Win CVS',10,'No','medium','Win CVS','BQ1498145');
INSERT INTO TerroristsInformation values ('TR1440879','Abby Martin','Steven','178','black','Ukranian','40.417358','Yes','CX1410110','BQ1498145','AE1466277');
INSERT INTO Budget values ('shelling','01-30-2022 12:05:34','632','AE1466277','CX1410110');
INSERT INTO Informers values ('IF1464988','Melissa Lewis','Mark','Foreman','2','BQ1498145');
INSERT INTO ElectronicDevices values ('XYZ1461334','HackRF One','prtn1975','40915','No','No','BQ1498145');
INSERT INTO TerroristActivities values ('12-13-2015 12:05:34','20.044412','9','severe','AE1466277');
INSERT INTO Causalities values ('12-13-2015 12:05:34','20.044412','Charline Presson','Boryspil','Ingush','75151');
INSERT INTO Patrolling values ('PTI1416898','11-14-2022 12:05:34','Kiev Region Capital',' radio car','casual','Sarah Pegram','AE1466277');
INSERT INTO BetaAgents values ('BQ1438347','Joshua Dixon','Nancy',141644,'Melvin Haynes','UPI1414987','Abaza',3,'dac3169ae19731ae1a26d9142496b25e0f98b01bb61a91cef59969566f44538a');
INSERT INTO SkillSet values ('SK1475182','jumping','Yes',668,'Yes');
INSERT INTO WeaponsData values ('WP1499517','drone','No','Yes','Yes');
INSERT INTO AlphaAgents values ('AE1421509','Debra Peden','Lyle',109500,'Zita','NPI13543226','polish','201','Buryat','l','USIS1499939','dac3169ae19731ae1a26d9142496b25e0f98b01bb61a91cef59969566f44538a','SK1475182','WP1499517');
INSERT INTO TechnicalSkills values ('TC1417291','HF',5,'No','hard','Close Protection','BQ1438347');
INSERT INTO TerroristsInformation values ('TR1462327','Earl Bell','Linda','191','brown','uzebican','30.1755285','Yes','CX1410110','BQ1438347','AE1421509');
INSERT INTO Budget values ('crossTrekking','01-20-2022 12:05:34','292','AE1421509','CX1410110');
INSERT INTO Informers values ('IF1447329','Charlene Williams','Tammy','Housekeeper','5','BQ1438347');
INSERT INTO ElectronicDevices values ('XYZ1437980','Alfa AWUS036ACH USB Wi-Fi Adapter','prtn1959','46299','Yes','Yes','BQ1438347');
INSERT INTO TerroristActivities values ('09-24-2015 12:05:34','6.9463216','43','normal','AE1421509');
INSERT INTO Causalities values ('09-24-2015 12:05:34','6.9463216','Mitchel Hill','Kramatorsk','Ingush','37613');
INSERT INTO Patrolling values ('PTI1476591','11-13-2022 12:05:34','Brody','police cruiser','casual','Ronald Husband','AE1421509');
INSERT INTO BetaAgents values ('BQ1466213','Marcos Songer','Andera',107305,'Fred Kurth','UPI1448555','Ukrainian',6,'dac3169ae19731ae1a26d9142496b25e0f98b01bb61a91cef59969566f44538a');
INSERT INTO SkillSet values ('SK1466663','Physical endurance ','No',792,'No');
INSERT INTO WeaponsData values ('WP1404010','Diamondback','Yes','No','Yes');
INSERT INTO AlphaAgents values ('AE1422818','Veronica Kenimer','Zulema',104000,'Maria','NPI13598590','dutch','202','Abaza','l','USIS1484836','dac3169ae19731ae1a26d9142496b25e0f98b01bb61a91cef59969566f44538a','SK1466663','WP1404010');
INSERT INTO TechnicalSkills values ('TC1466529','xSeries',2,'No','too Easy','Kitchen Remodeling','BQ1466213');
INSERT INTO TerroristsInformation values ('TR1401608','Jessica Garvey','Priscilla','207','redWhite','khazakhan','35.026516','No','CX1410110','BQ1466213','AE1422818');
INSERT INTO Budget values ('Watershooting','01-10-2022 12:05:34','557','AE1422818','CX1410110');
INSERT INTO Informers values ('IF1451241','Herbert Duncan','Charles','Footballer','3','BQ1466213');
INSERT INTO ElectronicDevices values ('XYZ1474176','Ubertooth One','prtn1979','33633','No','No','BQ1466213');
INSERT INTO TerroristActivities values ('07-06-2015 12:05:34','53.7217952','18','critical','AE1422818');
INSERT INTO Causalities values ('07-06-2015 12:05:34','53.7217952','Sally Miller','Boryspil','Ingush','70717');
INSERT INTO Patrolling values ('PTI1482214','11-12-2022 12:05:34','Kramatorsk',' area car','emergency','Maurice Rodgers','AE1422818');
INSERT INTO BetaAgents values ('BQ1474652','Bruce Oliver','Michael',146671,'Malcolm Reels','UPI1407432','Kalmyk',1,'dac3169ae19731ae1a26d9142496b25e0f98b01bb61a91cef59969566f44538a');
INSERT INTO SkillSet values ('SK1422325','Physical endurance ','No',280,'Yes');
INSERT INTO WeaponsData values ('WP1434134','drone','No','Yes','No');
INSERT INTO AlphaAgents values ('AE1433960','Virginia Ezzo','Cory',129330,'Jessica','NPI12404324','Asian','170','Abaza','l','USIS1491028','dac3169ae19731ae1a26d9142496b25e0f98b01bb61a91cef59969566f44538a','SK1422325','WP1434134');
INSERT INTO TechnicalSkills values ('TC1481438','Interactive TV',5,'No','tooDifficult','Registered Patent Attorney','BQ1474652');
INSERT INTO TerroristsInformation values ('TR1464293','Jean Lowe','Sabrina','189','brown','dutch','48.9648921','No','CX1410110','BQ1474652','AE1433960');
INSERT INTO Budget values ('Watershooting','12-31-2021 12:05:34','456','AE1433960','CX1410110');
INSERT INTO Informers values ('IF1465700','James Gunderson','Alvin','Footballer','7','BQ1474652');
INSERT INTO ElectronicDevices values ('XYZ1490025','Comidox Zigbee CC2531 Sniffer','prtn1970','26468','Yes','Yes','BQ1474652');
INSERT INTO TerroristActivities values ('04-17-2015 12:05:34','49.4679131','71','severe','AE1433960');
INSERT INTO Causalities values ('04-17-2015 12:05:34','49.4679131','Kelley Stanley','Bolhrad','Chechen','45808');
INSERT INTO Patrolling values ('PTI1451938','11-11-2022 12:05:34','Khartsyzsk',' patrol car','emergency','Richard Palmer','AE1433960');
INSERT INTO BetaAgents values ('BQ1477797','Joann Stein','Jillian',104768,'James Fitzgerald','UPI1416774','Abaza',4,'dac3169ae19731ae1a26d9142496b25e0f98b01bb61a91cef59969566f44538a');
INSERT INTO SkillSet values ('SK1487300','Physical endurance ','No',283,'No');
INSERT INTO WeaponsData values ('WP1493865','wirlessShort','No','Yes','No');
INSERT INTO AlphaAgents values ('AE1484434','Lewis Cook','Michael',108173,'Susan','NPI10252851','russian','175','Ingush','l','USIS1468184','dac3169ae19731ae1a26d9142496b25e0f98b01bb61a91cef59969566f44538a','SK1487300','WP1493865');
INSERT INTO TechnicalSkills values ('TC1453007','Qooxdoo',1,'No','easy','Italian','BQ1477797');
INSERT INTO TerroristsInformation values ('TR1462780','Josephine Rina','Tamara','188','voiletBrown','Ukranian','49.4679131','No','CX1410110','BQ1477797','AE1484434');
INSERT INTO Budget values ('shelling','12-21-2021 12:05:34','640','AE1484434','CX1410110');
INSERT INTO Informers values ('IF1445795','Kenneth Lavelle','Luis','Fireman','7','BQ1477797');
INSERT INTO ElectronicDevices values ('XYZ1483110','DSTIKE WIFI Duck','prtn1993','29430','No','Yes','BQ1477797');
INSERT INTO TerroristActivities values ('01-27-2015 12:05:34','13.2805504','80','severe','AE1484434');
INSERT INTO Causalities values ('01-27-2015 12:05:34','13.2805504','Ken Nelson','Berdyansk','Abaza','37757');
INSERT INTO Patrolling values ('PTI1486792','11-10-2022 12:05:34','Boryspil',' area car','casual','Robert Miller','AE1484434');
INSERT INTO BetaAgents values ('BQ1492532','Raymond Hair','Rosario',110191,'Richard Rivera','UPI1430971','Ossetic',5,'dac3169ae19731ae1a26d9142496b25e0f98b01bb61a91cef59969566f44538a');
INSERT INTO SkillSet values ('SK1459827','swimming','Yes',138,'No');
INSERT INTO WeaponsData values ('WP1400080','snipperGuns','Yes','Yes','Yes');
INSERT INTO AlphaAgents values ('AE1409032','Karen Wright','Mary',128044,'William','NPI11715042','Asian','208','Chechen','l','USIS1431913','dac3169ae19731ae1a26d9142496b25e0f98b01bb61a91cef59969566f44538a','SK1459827','WP1400080');
INSERT INTO TechnicalSkills values ('TC1441285','Drama',7,'No','hard','VXI','BQ1492532');
INSERT INTO TerroristsInformation values ('TR1446279','Wilma Richerson','Ronald','186','black','georgian','30.1755285','No','CX1410110','BQ1492532','AE1409032');
INSERT INTO Budget values ('crossTrekking','12-11-2021 12:05:34','641','AE1409032','CX1410110');
INSERT INTO Informers values ('IF1481756','Lee Dillinger','Althea','Lifeguard','2','BQ1492532');
INSERT INTO ElectronicDevices values ('XYZ1489368','Proxmark3 Kit','prtn2017','33478','No','Yes','BQ1492532');
INSERT INTO TerroristActivities values ('11-08-2014 12:05:34','53.7217952','31','notraces','AE1409032');
INSERT INTO Causalities values ('11-08-2014 12:05:34','53.7217952','Cathy Morales','Konstantinovka','Adyghe','53826');
INSERT INTO Patrolling values ('PTI1409392','11-09-2022 12:05:34','Bolhrad',' police interceptor','casual','Lisa Pince','AE1409032');
INSERT INTO BetaAgents values ('BQ1444215','Kelly Miller','Charles',116982,'Richard Rivera','UPI1477673','Abaza',4,'dac3169ae19731ae1a26d9142496b25e0f98b01bb61a91cef59969566f44538a');
INSERT INTO SkillSet values ('SK1466723','Decision-making ','No',738,'Yes');
INSERT INTO WeaponsData values ('WP1447508','drone','Yes','No','No');
INSERT INTO AlphaAgents values ('AE1419185','Andrew Jackson','Tom',103304,'James','NPI10152653','Asian','180','Abaza','l','USIS1446768','dac3169ae19731ae1a26d9142496b25e0f98b01bb61a91cef59969566f44538a','SK1466723','WP1447508');
INSERT INTO TechnicalSkills values ('TC1474819','Americans with Disabilities Act',8,'No','easy','EBPP','BQ1444215');
INSERT INTO TerroristsInformation values ('TR1414186','Linda Smith','Christopher','170','redWhite','Ukranian','30.1755285','No','CX1410110','BQ1444215','AE1419185');
INSERT INTO Budget values ('HighTowering','12-01-2021 12:05:34','959','AE1419185','CX1410110');
INSERT INTO Informers values ('IF1433898','Daniel Hodgkin','Bridget','Fireman','4','BQ1444215');
INSERT INTO ElectronicDevices values ('XYZ1433296','Alfa AWUS036ACH USB Wi-Fi Adapter','prtn1945','1142','Yes','Yes','BQ1444215');
INSERT INTO TerroristActivities values ('08-20-2014 12:05:34','46.8117208','18','severe','AE1419185');
INSERT INTO Causalities values ('08-20-2014 12:05:34','46.8117208','Phyllis Devotie','Bilhorod-Dnistrovskyi','Buryat','77546');
INSERT INTO Patrolling values ('PTI1452716','11-08-2022 12:05:34','Bilhorod-Dnistrovskyi',' prowl car','onComplaint','Scott Houck','AE1419185');
INSERT INTO BetaAgents values ('BQ1406310','Ryan Olive','Jarred',130014,'Malcolm Reels','UPI1437189','Ukrainian',2,'dac3169ae19731ae1a26d9142496b25e0f98b01bb61a91cef59969566f44538a');
INSERT INTO SkillSet values ('SK1402476','running','Yes',597,'No');
INSERT INTO WeaponsData values ('WP1483762','Big Kill','Yes','Yes','Yes');
INSERT INTO AlphaAgents values ('AE1461296','Kevin Martinez','Cindy',127759,'Bertha','NPI12741912','dutch','170','Kalmyk','l','USIS1485441','dac3169ae19731ae1a26d9142496b25e0f98b01bb61a91cef59969566f44538a','SK1402476','WP1483762');
INSERT INTO TechnicalSkills values ('TC1440887','Registered Patent Attorney',5,'Yes','medium','Immunohistochemistry','BQ1406310');
INSERT INTO TerroristsInformation values ('TR1481434','Olive Lat','Mellisa','199','redWhite','dutch','38.624235','No','CX1410110','BQ1406310','AE1461296');
INSERT INTO Budget values ('feetMining','11-21-2021 12:05:34','990','AE1461296','CX1410110');
INSERT INTO Informers values ('IF1401993','Milford Meckes','Charlotte','Lifeguard','10','BQ1406310');
INSERT INTO ElectronicDevices values ('XYZ1452475','Wi-Fi Deauther','prtn1984','46235','Yes','Yes','BQ1406310');
INSERT INTO TerroristActivities values ('06-01-2014 12:05:34','16.6969748','17','normal','AE1461296');
INSERT INTO Causalities values ('06-01-2014 12:05:34','16.6969748','Mary Berrios','Bila Tserkva','Chechen','72385');
INSERT INTO Patrolling values ('PTI1452091','11-07-2022 12:05:34','Kovel',' cop car','casual','Shelli Bucio','AE1461296');
